100.0,100.0,100.0,100.0,100.0,100.0,100.0,100.0,100.0,100.0,100.0,100.0,100.0,100.0,100.0,100.0,100.0,100.0,100.0,100.0,100.0,100.0,100.0,100.0,100.0,100.0,100.0,100.0,100.0,100.0,100.0,100.0,100.0,100.0,100.0,100.0,100.0,100.0,100.0,100.0,100.0,100.0,100.0,100.0,100.0,100.0,100.0,100.0,100.0,100.0,100.0,100.0,100.0,100.0,100.0,100.0,100.0,100.0,100.0,100.0,100.0,100.0,100.0,100.0,100.0,100.0,100.0,100.0,100.0,100.0,100.0,100.0,100.0,100.0,100.0,100.0,100.0,100.0,100.0,100.0,100.0,100.0,100.0,100.0,100.0,100.0,100.0,100.0,100.0,100.0,100.0,100.0,100.0,100.0,100.0,100.0,100.0,100.0,100.0,100.0
0.0,50.0,69.7,79.0,84.1,87.2,89.3,90.8,91.9,92.8,93.5,94.1,94.5,94.9,95.3,95.6,95.8,96.0,96.2,96.4,96.5,96.7,96.8,96.9,97.0,97.1,97.2,97.3,97.3,97.4,97.5,97.5,97.6,97.6,97.6,97.7,97.7,97.7,97.8,97.8,97.8,97.8,97.8,97.9,97.9,97.9,97.9,97.9,97.9,97.9,97.9,97.9,97.9,97.9,97.9,97.9,97.9,97.8,97.8,97.8,97.8,97.8,97.7,97.7,97.7,97.6,97.6,97.6,97.5,97.5,97.4,97.3,97.3,97.2,97.1,97.0,96.9,96.8,96.7,96.5,96.4,96.2,96.0,95.8,95.6,95.3,94.9,94.5,94.1,93.5,92.8,91.9,90.8,89.3,87.2,84.1,79.0,69.7,50.0,0.0
0.0,30.2,49.9,62.2,70.1,75.5,79.2,82.0,84.1,85.8,87.1,88.2,89.1,89.9,90.6,91.1,91.6,92.1,92.5,92.8,93.1,93.4,93.6,93.8,94.0,94.2,94.4,94.5,94.7,94.8,94.9,95.0,95.1,95.2,95.3,95.4,95.4,95.5,95.5,95.6,95.6,95.7,95.7,95.7,95.7,95.8,95.8,95.8,95.8,95.8,95.8,95.8,95.8,95.8,95.8,95.7,95.7,95.7,95.7,95.6,95.6,95.5,95.5,95.4,95.4,95.3,95.2,95.1,95.0,94.9,94.8,94.7,94.5,94.4,94.2,94.0,93.8,93.6,93.4,93.1,92.8,92.5,92.1,91.6,91.1,90.6,89.9,89.1,88.2,87.1,85.8,84.1,82.0,79.2,75.5,70.1,62.2,49.9,30.2,0.0
0.0,20.9,37.6,49.9,58.8,65.3,70.1,73.9,76.8,79.1,81.0,82.6,83.9,85.0,86.0,86.8,87.5,88.2,88.7,89.3,89.7,90.1,90.5,90.8,91.1,91.4,91.6,91.8,92.0,92.2,92.4,92.5,92.7,92.8,92.9,93.0,93.1,93.2,93.3,93.4,93.4,93.5,93.5,93.6,93.6,93.7,93.7,93.7,93.7,93.7,93.7,93.7,93.7,93.7,93.7,93.6,93.6,93.5,93.5,93.4,93.4,93.3,93.2,93.1,93.0,92.9,92.8,92.7,92.5,92.4,92.2,92.0,91.8,91.6,91.4,91.1,90.8,90.5,90.1,89.7,89.3,88.7,88.2,87.5,86.8,86.0,85.0,83.9,82.6,81.0,79.1,76.8,73.9,70.1,65.3,58.8,49.9,37.6,20.9,0.0
0.0,15.8,29.6,40.9,49.8,56.7,62.2,66.5,70.0,72.8,75.2,77.2,78.8,80.3,81.5,82.6,83.5,84.4,85.1,85.8,86.3,86.9,87.3,87.8,88.2,88.5,88.8,89.1,89.4,89.6,89.9,90.1,90.3,90.4,90.6,90.7,90.9,91.0,91.1,91.2,91.3,91.3,91.4,91.5,91.5,91.5,91.6,91.6,91.6,91.6,91.6,91.6,91.6,91.6,91.5,91.5,91.5,91.4,91.3,91.3,91.2,91.1,91.0,90.9,90.7,90.6,90.4,90.3,90.1,89.9,89.6,89.4,89.1,88.8,88.5,88.2,87.8,87.3,86.9,86.3,85.8,85.1,84.4,83.5,82.6,81.5,80.3,78.8,77.2,75.2,72.8,70.0,66.5,62.2,56.7,49.8,40.9,29.6,15.8,0.0
0.0,12.6,24.3,34.3,42.7,49.7,55.3,60.0,63.9,67.1,69.8,72.1,74.0,75.7,77.2,78.5,79.6,80.6,81.5,82.3,83.0,83.7,84.3,84.8,85.3,85.7,86.1,86.5,86.8,87.1,87.4,87.6,87.9,88.1,88.3,88.4,88.6,88.7,88.9,89.0,89.1,89.2,89.3,89.3,89.4,89.4,89.5,89.5,89.5,89.5,89.5,89.5,89.5,89.5,89.4,89.4,89.3,89.3,89.2,89.1,89.0,88.9,88.7,88.6,88.4,88.3,88.1,87.9,87.6,87.4,87.1,86.8,86.5,86.1,85.7,85.3,84.8,84.3,83.7,83.0,82.3,81.5,80.6,79.6,78.5,77.2,75.7,74.0,72.1,69.8,67.1,63.9,60.0,55.3,49.7,42.7,34.3,24.3,12.6,0.0
0.0,10.5,20.5,29.4,37.2,43.9,49.5,54.3,58.4,61.8,64.8,67.3,69.5,71.4,73.1,74.6,75.9,77.0,78.1,79.0,79.8,80.6,81.2,81.9,82.4,82.9,83.4,83.8,84.2,84.6,84.9,85.2,85.5,85.7,86.0,86.2,86.4,86.5,86.7,86.8,86.9,87.1,87.1,87.2,87.3,87.4,87.4,87.4,87.5,87.5,87.5,87.5,87.4,87.4,87.4,87.3,87.2,87.1,87.1,86.9,86.8,86.7,86.5,86.4,86.2,86.0,85.7,85.5,85.2,84.9,84.6,84.2,83.8,83.4,82.9,82.4,81.9,81.2,80.6,79.8,79.0,78.1,77.0,75.9,74.6,73.1,71.4,69.5,67.3,64.8,61.8,58.4,54.3,49.5,43.9,37.2,29.4,20.5,10.5,0.0
0.0,9.0,17.6,25.6,32.8,39.1,44.6,49.4,53.5,57.1,60.2,62.9,65.2,67.3,69.2,70.8,72.2,73.5,74.7,75.7,76.7,77.5,78.3,79.0,79.6,80.2,80.7,81.2,81.7,82.1,82.5,82.8,83.1,83.4,83.7,83.9,84.1,84.3,84.5,84.7,84.8,84.9,85.0,85.1,85.2,85.3,85.3,85.4,85.4,85.4,85.4,85.4,85.4,85.3,85.3,85.2,85.1,85.0,84.9,84.8,84.7,84.5,84.3,84.1,83.9,83.7,83.4,83.1,82.8,82.5,82.1,81.7,81.2,80.7,80.2,79.6,79.0,78.3,77.5,76.7,75.7,74.7,73.5,72.2,70.8,69.2,67.3,65.2,62.9,60.2,57.1,53.5,49.4,44.6,39.1,32.8,25.6,17.6,9.0,0.0
0.0,7.9,15.5,22.6,29.2,35.1,40.4,45.0,49.2,52.8,56.0,58.8,61.3,63.5,65.4,67.2,68.8,70.2,71.4,72.6,73.6,74.6,75.4,76.2,76.9,77.5,78.1,78.7,79.2,79.6,80.1,80.4,80.8,81.1,81.4,81.7,81.9,82.1,82.3,82.5,82.7,82.8,83.0,83.1,83.2,83.2,83.3,83.3,83.4,83.4,83.4,83.4,83.3,83.3,83.2,83.2,83.1,83.0,82.8,82.7,82.5,82.3,82.1,81.9,81.7,81.4,81.1,80.8,80.4,80.1,79.6,79.2,78.7,78.1,77.5,76.9,76.2,75.4,74.6,73.6,72.6,71.4,70.2,68.8,67.2,65.4,63.5,61.3,58.8,56.0,52.8,49.2,45.0,40.4,35.1,29.2,22.6,15.5,7.9,0.0
0.0,7.0,13.7,20.2,26.2,31.7,36.8,41.3,45.3,48.9,52.2,55.0,57.6,59.9,61.9,63.8,65.5,67.0,68.3,69.5,70.7,71.7,72.6,73.4,74.2,74.9,75.6,76.2,76.7,77.2,77.7,78.1,78.5,78.8,79.2,79.5,79.7,80.0,80.2,80.4,80.6,80.7,80.9,81.0,81.1,81.2,81.3,81.3,81.3,81.4,81.4,81.3,81.3,81.3,81.2,81.1,81.0,80.9,80.7,80.6,80.4,80.2,80.0,79.7,79.5,79.2,78.8,78.5,78.1,77.7,77.2,76.7,76.2,75.6,74.9,74.2,73.4,72.6,71.7,70.7,69.5,68.3,67.0,65.5,63.8,61.9,59.9,57.6,55.0,52.2,48.9,45.3,41.3,36.8,31.7,26.2,20.2,13.7,7.0,0.0
0.0,6.2,12.3,18.2,23.7,28.9,33.7,38.0,41.9,45.5,48.7,51.6,54.2,56.5,58.7,60.6,62.3,63.9,65.3,66.6,67.8,68.9,69.9,70.8,71.6,72.4,73.1,73.7,74.3,74.8,75.3,75.8,76.2,76.6,77.0,77.3,77.6,77.9,78.1,78.3,78.5,78.7,78.8,79.0,79.1,79.2,79.2,79.3,79.3,79.3,79.3,79.3,79.3,79.2,79.2,79.1,79.0,78.8,78.7,78.5,78.3,78.1,77.9,77.6,77.3,77.0,76.6,76.2,75.8,75.3,74.8,74.3,73.7,73.1,72.4,71.6,70.8,69.9,68.9,67.8,66.6,65.3,63.9,62.3,60.6,58.7,56.5,54.2,51.6,48.7,45.5,41.9,38.0,33.7,28.9,23.7,18.2,12.3,6.2,0.0
0.0,5.6,11.2,16.6,21.7,26.5,31.0,35.1,38.9,42.4,45.5,48.4,51.0,53.4,55.6,57.5,59.3,61.0,62.4,63.8,65.0,66.2,67.2,68.2,69.1,69.9,70.6,71.3,71.9,72.5,73.1,73.5,74.0,74.4,74.8,75.1,75.5,75.7,76.0,76.2,76.4,76.6,76.8,76.9,77.1,77.2,77.2,77.3,77.3,77.4,77.4,77.3,77.3,77.2,77.2,77.1,76.9,76.8,76.6,76.4,76.2,76.0,75.7,75.5,75.1,74.8,74.4,74.0,73.5,73.1,72.5,71.9,71.3,70.6,69.9,69.1,68.2,67.2,66.2,65.0,63.8,62.4,61.0,59.3,57.5,55.6,53.4,51.0,48.4,45.5,42.4,38.9,35.1,31.0,26.5,21.7,16.6,11.2,5.6,0.0
0.0,5.1,10.2,15.2,19.9,24.4,28.6,32.5,36.2,39.6,42.7,45.5,48.1,50.5,52.7,54.7,56.5,58.2,59.7,61.1,62.4,63.6,64.7,65.7,66.6,67.4,68.2,69.0,69.6,70.2,70.8,71.3,71.8,72.2,72.6,73.0,73.4,73.7,73.9,74.2,74.4,74.6,74.8,74.9,75.1,75.2,75.3,75.3,75.4,75.4,75.4,75.4,75.3,75.3,75.2,75.1,74.9,74.8,74.6,74.4,74.2,73.9,73.7,73.4,73.0,72.6,72.2,71.8,71.3,70.8,70.2,69.6,69.0,68.2,67.4,66.6,65.7,64.7,63.6,62.4,61.1,59.7,58.2,56.5,54.7,52.7,50.5,48.1,45.5,42.7,39.6,36.2,32.5,28.6,24.4,19.9,15.2,10.2,5.1,0.0
0.0,4.7,9.4,14.0,18.4,22.6,26.5,30.3,33.8,37.0,40.1,42.8,45.4,47.8,50.0,52.0,53.8,55.5,57.1,58.5,59.8,61.1,62.2,63.2,64.2,65.1,65.9,66.7,67.4,68.0,68.6,69.1,69.7,70.1,70.5,70.9,71.3,71.6,71.9,72.2,72.4,72.6,72.8,73.0,73.1,73.2,73.3,73.4,73.4,73.4,73.4,73.4,73.4,73.3,73.2,73.1,73.0,72.8,72.6,72.4,72.2,71.9,71.6,71.3,70.9,70.5,70.1,69.7,69.1,68.6,68.0,67.4,66.7,65.9,65.1,64.2,63.2,62.2,61.1,59.8,58.5,57.1,55.5,53.8,52.0,50.0,47.8,45.4,42.8,40.1,37.0,33.8,30.3,26.5,22.6,18.4,14.0,9.4,4.7,0.0
0.0,4.4,8.7,12.9,17.0,21.0,24.7,28.3,31.6,34.8,37.7,40.4,42.9,45.3,47.4,49.4,51.3,53.0,54.6,56.1,57.4,58.7,59.8,60.9,61.9,62.8,63.6,64.4,65.2,65.8,66.4,67.0,67.5,68.0,68.5,68.9,69.3,69.6,69.9,70.2,70.4,70.7,70.9,71.0,71.2,71.3,71.4,71.4,71.5,71.5,71.5,71.5,71.4,71.4,71.3,71.2,71.0,70.9,70.7,70.4,70.2,69.9,69.6,69.3,68.9,68.5,68.0,67.5,67.0,66.4,65.8,65.2,64.4,63.6,62.8,61.9,60.9,59.8,58.7,57.4,56.1,54.6,53.0,51.3,49.4,47.4,45.3,42.9,40.4,37.7,34.8,31.6,28.3,24.7,21.0,17.0,12.9,8.7,4.4,0.0
0.0,4.1,8.1,12.0,15.8,19.5,23.1,26.5,29.7,32.7,35.5,38.2,40.6,42.9,45.1,47.1,48.9,50.6,52.2,53.7,55.1,56.3,57.5,58.6,59.6,60.6,61.4,62.3,63.0,63.7,64.3,64.9,65.5,66.0,66.4,66.9,67.3,67.6,67.9,68.2,68.5,68.7,68.9,69.1,69.2,69.4,69.5,69.5,69.6,69.6,69.6,69.6,69.5,69.5,69.4,69.2,69.1,68.9,68.7,68.5,68.2,67.9,67.6,67.3,66.9,66.4,66.0,65.5,64.9,64.3,63.7,63.0,62.3,61.4,60.6,59.6,58.6,57.5,56.3,55.1,53.7,52.2,50.6,48.9,47.1,45.1,42.9,40.6,38.2,35.5,32.7,29.7,26.5,23.1,19.5,15.8,12.0,8.1,4.1,0.0
0.0,3.8,7.5,11.2,14.8,18.3,21.6,24.8,27.9,30.8,33.5,36.1,38.5,40.8,42.9,44.8,46.7,48.4,50.0,51.5,52.8,54.1,55.3,56.4,57.5,58.4,59.3,60.1,60.9,61.6,62.3,62.9,63.5,64.0,64.5,64.9,65.3,65.7,66.0,66.3,66.6,66.8,67.0,67.2,67.4,67.5,67.6,67.7,67.7,67.7,67.7,67.7,67.7,67.6,67.5,67.4,67.2,67.0,66.8,66.6,66.3,66.0,65.7,65.3,64.9,64.5,64.0,63.5,62.9,62.3,61.6,60.9,60.1,59.3,58.4,57.5,56.4,55.3,54.1,52.8,51.5,50.0,48.4,46.7,44.8,42.9,40.8,38.5,36.1,33.5,30.8,27.9,24.8,21.6,18.3,14.8,11.2,7.5,3.8,0.0
0.0,3.5,7.0,10.5,13.9,17.1,20.3,23.4,26.3,29.0,31.7,34.2,36.5,38.7,40.8,42.7,44.5,46.2,47.8,49.3,50.7,52.0,53.2,54.3,55.4,56.3,57.2,58.1,58.9,59.6,60.3,60.9,61.5,62.0,62.5,63.0,63.4,63.8,64.1,64.4,64.7,64.9,65.2,65.3,65.5,65.6,65.7,65.8,65.9,65.9,65.9,65.9,65.8,65.7,65.6,65.5,65.3,65.2,64.9,64.7,64.4,64.1,63.8,63.4,63.0,62.5,62.0,61.5,60.9,60.3,59.6,58.9,58.1,57.2,56.3,55.4,54.3,53.2,52.0,50.7,49.3,47.8,46.2,44.5,42.7,40.8,38.7,36.5,34.2,31.7,29.0,26.3,23.4,20.3,17.1,13.9,10.5,7.0,3.5,0.0
0.0,3.3,6.6,9.8,13.0,16.1,19.1,22.0,24.8,27.5,30.0,32.4,34.7,36.8,38.8,40.8,42.5,44.2,45.8,47.3,48.7,50.0,51.2,52.3,53.3,54.3,55.2,56.1,56.9,57.6,58.3,59.0,59.5,60.1,60.6,61.1,61.5,61.9,62.2,62.6,62.8,63.1,63.3,63.5,63.7,63.8,63.9,64.0,64.1,64.1,64.1,64.1,64.0,63.9,63.8,63.7,63.5,63.3,63.1,62.8,62.6,62.2,61.9,61.5,61.1,60.6,60.1,59.5,59.0,58.3,57.6,56.9,56.1,55.2,54.3,53.3,52.3,51.2,50.0,48.7,47.3,45.8,44.2,42.5,40.8,38.8,36.8,34.7,32.4,30.0,27.5,24.8,22.0,19.1,16.1,13.0,9.8,6.6,3.3,0.0
0.0,3.1,6.2,9.3,12.3,15.2,18.0,20.8,23.5,26.0,28.4,30.8,33.0,35.0,37.0,38.9,40.7,42.3,43.9,45.3,46.7,48.0,49.2,50.3,51.4,52.4,53.3,54.2,55.0,55.7,56.4,57.1,57.7,58.2,58.7,59.2,59.6,60.0,60.4,60.7,61.0,61.3,61.5,61.7,61.9,62.0,62.1,62.2,62.3,62.3,62.3,62.3,62.2,62.1,62.0,61.9,61.7,61.5,61.3,61.0,60.7,60.4,60.0,59.6,59.2,58.7,58.2,57.7,57.1,56.4,55.7,55.0,54.2,53.3,52.4,51.4,50.3,49.2,48.0,46.7,45.3,43.9,42.3,40.7,38.9,37.0,35.0,33.0,30.8,28.4,26.0,23.5,20.8,18.0,15.2,12.3,9.3,6.2,3.1,0.0
0.0,2.9,5.8,8.7,11.6,14.3,17.1,19.7,22.2,24.7,27.0,29.2,31.4,33.4,35.3,37.1,38.9,40.5,42.0,43.5,44.8,46.1,47.3,48.5,49.5,50.5,51.4,52.3,53.1,53.9,54.6,55.2,55.8,56.4,56.9,57.4,57.8,58.2,58.6,58.9,59.2,59.5,59.7,59.9,60.1,60.3,60.4,60.5,60.5,60.5,60.5,60.5,60.5,60.4,60.3,60.1,59.9,59.7,59.5,59.2,58.9,58.6,58.2,57.8,57.4,56.9,56.4,55.8,55.2,54.6,53.9,53.1,52.3,51.4,50.5,49.5,48.5,47.3,46.1,44.8,43.5,42.0,40.5,38.9,37.1,35.3,33.4,31.4,29.2,27.0,24.7,22.2,19.7,17.1,14.3,11.6,8.7,5.8,2.9,0.0
0.0,2.8,5.5,8.2,10.9,13.6,16.1,18.6,21.1,23.4,25.7,27.8,29.9,31.8,33.7,35.5,37.2,38.8,40.3,41.7,43.1,44.3,45.5,46.6,47.7,48.7,49.6,50.5,51.3,52.1,52.8,53.4,54.0,54.6,55.1,55.6,56.1,56.5,56.9,57.2,57.5,57.8,58.0,58.2,58.4,58.5,58.6,58.7,58.8,58.8,58.8,58.8,58.7,58.6,58.5,58.4,58.2,58.0,57.8,57.5,57.2,56.9,56.5,56.1,55.6,55.1,54.6,54.0,53.4,52.8,52.1,51.3,50.5,49.6,48.7,47.7,46.6,45.5,44.3,43.1,41.7,40.3,38.8,37.2,35.5,33.7,31.8,29.9,27.8,25.7,23.4,21.1,18.6,16.1,13.6,10.9,8.2,5.5,2.8,0.0
0.0,2.6,5.2,7.8,10.4,12.9,15.3,17.7,20.0,22.2,24.4,26.5,28.5,30.4,32.2,33.9,35.6,37.1,38.6,40.0,41.4,42.6,43.8,44.9,45.9,46.9,47.9,48.7,49.5,50.3,51.0,51.7,52.3,52.9,53.4,53.9,54.3,54.8,55.1,55.5,55.8,56.1,56.3,56.5,56.7,56.8,56.9,57.0,57.1,57.1,57.1,57.1,57.0,56.9,56.8,56.7,56.5,56.3,56.1,55.8,55.5,55.1,54.8,54.3,53.9,53.4,52.9,52.3,51.7,51.0,50.3,49.5,48.7,47.9,46.9,45.9,44.9,43.8,42.6,41.4,40.0,38.6,37.1,35.6,33.9,32.2,30.4,28.5,26.5,24.4,22.2,20.0,17.7,15.3,12.9,10.4,7.8,5.2,2.6,0.0
0.0,2.5,5.0,7.4,9.8,12.2,14.5,16.8,19.0,21.2,23.2,25.2,27.2,29.0,30.8,32.5,34.1,35.6,37.0,38.4,39.7,41.0,42.1,43.2,44.3,45.2,46.2,47.0,47.8,48.6,49.3,50.0,50.6,51.2,51.7,52.2,52.7,53.1,53.4,53.8,54.1,54.4,54.6,54.8,55.0,55.2,55.3,55.4,55.4,55.5,55.5,55.4,55.4,55.3,55.2,55.0,54.8,54.6,54.4,54.1,53.8,53.4,53.1,52.7,52.2,51.7,51.2,50.6,50.0,49.3,48.6,47.8,47.0,46.2,45.2,44.3,43.2,42.1,41.0,39.7,38.4,37.0,35.6,34.1,32.5,30.8,29.0,27.2,25.2,23.2,21.2,19.0,16.8,14.5,12.2,9.8,7.4,5.0,2.5,0.0
0.0,2.4,4.7,7.0,9.3,11.6,13.8,16.0,18.1,20.2,22.2,24.1,25.9,27.7,29.4,31.1,32.6,34.1,35.5,36.9,38.2,39.4,40.5,41.6,42.6,43.6,44.5,45.4,46.2,47.0,47.7,48.3,48.9,49.5,50.1,50.6,51.0,51.4,51.8,52.2,52.5,52.7,53.0,53.2,53.4,53.5,53.7,53.7,53.8,53.8,53.8,53.8,53.7,53.7,53.5,53.4,53.2,53.0,52.7,52.5,52.2,51.8,51.4,51.0,50.6,50.1,49.5,48.9,48.3,47.7,47.0,46.2,45.4,44.5,43.6,42.6,41.6,40.5,39.4,38.2,36.9,35.5,34.1,32.6,31.1,29.4,27.7,25.9,24.1,22.2,20.2,18.1,16.0,13.8,11.6,9.3,7.0,4.7,2.4,0.0
0.0,2.2,4.5,6.7,8.9,11.0,13.2,15.2,17.3,19.2,21.1,23.0,24.8,26.5,28.2,29.7,31.3,32.7,34.1,35.4,36.7,37.9,39.0,40.1,41.1,42.0,43.0,43.8,44.6,45.4,46.1,46.7,47.3,47.9,48.5,48.9,49.4,49.8,50.2,50.5,50.9,51.1,51.4,51.6,51.8,51.9,52.1,52.1,52.2,52.2,52.2,52.2,52.1,52.1,51.9,51.8,51.6,51.4,51.1,50.9,50.5,50.2,49.8,49.4,48.9,48.5,47.9,47.3,46.7,46.1,45.4,44.6,43.8,43.0,42.0,41.1,40.1,39.0,37.9,36.7,35.4,34.1,32.7,31.3,29.7,28.2,26.5,24.8,23.0,21.1,19.2,17.3,15.2,13.2,11.0,8.9,6.7,4.5,2.2,0.0
0.0,2.1,4.3,6.4,8.4,10.5,12.5,14.5,16.5,18.3,20.2,22.0,23.7,25.4,27.0,28.5,30.0,31.4,32.7,34.0,35.3,36.4,37.5,38.6,39.6,40.5,41.4,42.3,43.1,43.8,44.5,45.2,45.8,46.4,46.9,47.4,47.8,48.2,48.6,49.0,49.3,49.6,49.8,50.0,50.2,50.4,50.5,50.6,50.6,50.7,50.7,50.6,50.6,50.5,50.4,50.2,50.0,49.8,49.6,49.3,49.0,48.6,48.2,47.8,47.4,46.9,46.4,45.8,45.2,44.5,43.8,43.1,42.3,41.4,40.5,39.6,38.6,37.5,36.4,35.3,34.0,32.7,31.4,30.0,28.5,27.0,25.4,23.7,22.0,20.2,18.3,16.5,14.5,12.5,10.5,8.4,6.4,4.3,2.1,0.0
0.0,2.0,4.1,6.1,8.1,10.0,12.0,13.9,15.7,17.5,19.3,21.0,22.7,24.3,25.8,27.3,28.7,30.1,31.4,32.7,33.9,35.0,36.1,37.2,38.1,39.1,40.0,40.8,41.6,42.3,43.0,43.7,44.3,44.8,45.4,45.9,46.3,46.7,47.1,47.4,47.8,48.0,48.3,48.5,48.7,48.8,49.0,49.0,49.1,49.1,49.1,49.1,49.0,49.0,48.8,48.7,48.5,48.3,48.0,47.8,47.4,47.1,46.7,46.3,45.9,45.4,44.8,44.3,43.7,43.0,42.3,41.6,40.8,40.0,39.1,38.1,37.2,36.1,35.0,33.9,32.7,31.4,30.1,28.7,27.3,25.8,24.3,22.7,21.0,19.3,17.5,15.7,13.9,12.0,10.0,8.1,6.1,4.1,2.0,0.0
0.0,1.9,3.9,5.8,7.7,9.6,11.4,13.2,15.0,16.7,18.4,20.1,21.7,23.2,24.7,26.2,27.6,28.9,30.2,31.4,32.6,33.7,34.8,35.8,36.8,37.7,38.5,39.4,40.1,40.9,41.5,42.2,42.8,43.4,43.9,44.4,44.8,45.2,45.6,46.0,46.3,46.5,46.8,47.0,47.2,47.3,47.5,47.5,47.6,47.6,47.6,47.6,47.5,47.5,47.3,47.2,47.0,46.8,46.5,46.3,46.0,45.6,45.2,44.8,44.4,43.9,43.4,42.8,42.2,41.5,40.9,40.1,39.4,38.5,37.7,36.8,35.8,34.8,33.7,32.6,31.4,30.2,28.9,27.6,26.2,24.7,23.2,21.7,20.1,18.4,16.7,15.0,13.2,11.4,9.6,7.7,5.8,3.9,1.9,0.0
0.0,1.8,3.7,5.5,7.3,9.1,10.9,12.6,14.3,16.0,17.6,19.2,20.8,22.3,23.7,25.1,26.5,27.8,29.0,30.2,31.3,32.4,33.5,34.5,35.4,36.3,37.2,38.0,38.7,39.4,40.1,40.8,41.4,41.9,42.4,42.9,43.4,43.8,44.2,44.5,44.8,45.1,45.3,45.5,45.7,45.9,46.0,46.1,46.1,46.2,46.2,46.1,46.1,46.0,45.9,45.7,45.5,45.3,45.1,44.8,44.5,44.2,43.8,43.4,42.9,42.4,41.9,41.4,40.8,40.1,39.4,38.7,38.0,37.2,36.3,35.4,34.5,33.5,32.4,31.3,30.2,29.0,27.8,26.5,25.1,23.7,22.3,20.8,19.2,17.6,16.0,14.3,12.6,10.9,9.1,7.3,5.5,3.7,1.8,0.0
0.0,1.8,3.5,5.3,7.0,8.7,10.4,12.1,13.7,15.3,16.9,18.4,19.9,21.3,22.7,24.1,25.4,26.7,27.9,29.0,30.1,31.2,32.2,33.2,34.1,35.0,35.8,36.6,37.4,38.1,38.8,39.4,40.0,40.5,41.0,41.5,42.0,42.4,42.7,43.1,43.4,43.7,43.9,44.1,44.3,44.4,44.6,44.6,44.7,44.7,44.7,44.7,44.6,44.6,44.4,44.3,44.1,43.9,43.7,43.4,43.1,42.7,42.4,42.0,41.5,41.0,40.5,40.0,39.4,38.8,38.1,37.4,36.6,35.8,35.0,34.1,33.2,32.2,31.2,30.1,29.0,27.9,26.7,25.4,24.1,22.7,21.3,19.9,18.4,16.9,15.3,13.7,12.1,10.4,8.7,7.0,5.3,3.5,1.8,0.0
0.0,1.7,3.4,5.0,6.7,8.3,10.0,11.6,13.1,14.7,16.2,17.6,19.1,20.5,21.8,23.1,24.4,25.6,26.8,27.9,29.0,30.0,31.0,32.0,32.9,33.7,34.6,35.3,36.1,36.8,37.4,38.0,38.6,39.2,39.7,40.1,40.6,41.0,41.4,41.7,42.0,42.3,42.5,42.7,42.9,43.0,43.2,43.3,43.3,43.3,43.3,43.3,43.3,43.2,43.0,42.9,42.7,42.5,42.3,42.0,41.7,41.4,41.0,40.6,40.1,39.7,39.2,38.6,38.0,37.4,36.8,36.1,35.3,34.6,33.7,32.9,32.0,31.0,30.0,29.0,27.9,26.8,25.6,24.4,23.1,21.8,20.5,19.1,17.6,16.2,14.7,13.1,11.6,10.0,8.3,6.7,5.0,3.4,1.7,0.0
0.0,1.6,3.2,4.8,6.4,8.0,9.5,11.1,12.6,14.1,15.5,16.9,18.3,19.6,20.9,22.2,23.4,24.6,25.7,26.8,27.9,28.9,29.9,30.8,31.7,32.5,33.3,34.1,34.8,35.5,36.1,36.7,37.3,37.9,38.4,38.8,39.2,39.6,40.0,40.3,40.6,40.9,41.1,41.4,41.5,41.7,41.8,41.9,41.9,42.0,42.0,41.9,41.9,41.8,41.7,41.5,41.4,41.1,40.9,40.6,40.3,40.0,39.6,39.2,38.8,38.4,37.9,37.3,36.7,36.1,35.5,34.8,34.1,33.3,32.5,31.7,30.8,29.9,28.9,27.9,26.8,25.7,24.6,23.4,22.2,20.9,19.6,18.3,16.9,15.5,14.1,12.6,11.1,9.5,8.0,6.4,4.8,3.2,1.6,0.0
0.0,1.5,3.1,4.6,6.1,7.6,9.1,10.6,12.0,13.5,14.9,16.2,17.5,18.8,20.1,21.3,22.5,23.6,24.7,25.8,26.8,27.8,28.8,29.7,30.5,31.3,32.1,32.9,33.6,34.3,34.9,35.5,36.0,36.6,37.1,37.5,37.9,38.3,38.7,39.0,39.3,39.6,39.8,40.0,40.2,40.4,40.5,40.6,40.6,40.6,40.6,40.6,40.6,40.5,40.4,40.2,40.0,39.8,39.6,39.3,39.0,38.7,38.3,37.9,37.5,37.1,36.6,36.0,35.5,34.9,34.3,33.6,32.9,32.1,31.3,30.5,29.7,28.8,27.8,26.8,25.8,24.7,23.6,22.5,21.3,20.1,18.8,17.5,16.2,14.9,13.5,12.0,10.6,9.1,7.6,6.1,4.6,3.1,1.5,0.0
0.0,1.5,3.0,4.4,5.9,7.3,8.7,10.2,11.5,12.9,14.2,15.6,16.8,18.1,19.3,20.5,21.6,22.7,23.8,24.8,25.8,26.8,27.7,28.6,29.4,30.2,31.0,31.7,32.4,33.1,33.7,34.3,34.8,35.3,35.8,36.3,36.7,37.1,37.4,37.7,38.0,38.3,38.5,38.7,38.9,39.1,39.2,39.3,39.3,39.3,39.3,39.3,39.3,39.2,39.1,38.9,38.7,38.5,38.3,38.0,37.7,37.4,37.1,36.7,36.3,35.8,35.3,34.8,34.3,33.7,33.1,32.4,31.7,31.0,30.2,29.4,28.6,27.7,26.8,25.8,24.8,23.8,22.7,21.6,20.5,19.3,18.1,16.8,15.6,14.2,12.9,11.5,10.2,8.7,7.3,5.9,4.4,3.0,1.5,0.0
0.0,1.4,2.8,4.2,5.6,7.0,8.4,9.7,11.1,12.4,13.7,14.9,16.2,17.4,18.5,19.7,20.8,21.8,22.9,23.9,24.8,25.8,26.7,27.5,28.3,29.1,29.9,30.6,31.3,31.9,32.5,33.1,33.6,34.1,34.6,35.0,35.5,35.8,36.2,36.5,36.8,37.0,37.3,37.5,37.6,37.8,37.9,38.0,38.0,38.1,38.1,38.0,38.0,37.9,37.8,37.6,37.5,37.3,37.0,36.8,36.5,36.2,35.8,35.5,35.0,34.6,34.1,33.6,33.1,32.5,31.9,31.3,30.6,29.9,29.1,28.3,27.5,26.7,25.8,24.8,23.9,22.9,21.8,20.8,19.7,18.5,17.4,16.2,14.9,13.7,12.4,11.1,9.7,8.4,7.0,5.6,4.2,2.8,1.4,0.0
0.0,1.4,2.7,4.1,5.4,6.7,8.0,9.3,10.6,11.9,13.1,14.3,15.5,16.7,17.8,18.9,20.0,21.0,22.0,23.0,23.9,24.8,25.7,26.5,27.3,28.1,28.8,29.5,30.2,30.8,31.4,31.9,32.5,33.0,33.4,33.9,34.3,34.6,35.0,35.3,35.6,35.8,36.1,36.2,36.4,36.6,36.7,36.7,36.8,36.8,36.8,36.8,36.7,36.7,36.6,36.4,36.2,36.1,35.8,35.6,35.3,35.0,34.6,34.3,33.9,33.4,33.0,32.5,31.9,31.4,30.8,30.2,29.5,28.8,28.1,27.3,26.5,25.7,24.8,23.9,23.0,22.0,21.0,20.0,18.9,17.8,16.7,15.5,14.3,13.1,11.9,10.6,9.3,8.0,6.7,5.4,4.1,2.7,1.4,0.0
0.0,1.3,2.6,3.9,5.2,6.4,7.7,9.0,10.2,11.4,12.6,13.8,14.9,16.0,17.1,18.2,19.2,20.2,21.2,22.1,23.0,23.9,24.7,25.5,26.3,27.1,27.8,28.4,29.1,29.7,30.3,30.8,31.3,31.8,32.3,32.7,33.1,33.5,33.8,34.1,34.4,34.6,34.9,35.1,35.2,35.4,35.5,35.5,35.6,35.6,35.6,35.6,35.5,35.5,35.4,35.2,35.1,34.9,34.6,34.4,34.1,33.8,33.5,33.1,32.7,32.3,31.8,31.3,30.8,30.3,29.7,29.1,28.4,27.8,27.1,26.3,25.5,24.7,23.9,23.0,22.1,21.2,20.2,19.2,18.2,17.1,16.0,14.9,13.8,12.6,11.4,10.2,9.0,7.7,6.4,5.2,3.9,2.6,1.3,0.0
0.0,1.2,2.5,3.7,5.0,6.2,7.4,8.6,9.8,10.9,12.1,13.2,14.3,15.4,16.4,17.5,18.5,19.4,20.4,21.3,22.1,23.0,23.8,24.6,25.3,26.1,26.8,27.4,28.0,28.6,29.2,29.7,30.3,30.7,31.2,31.6,32.0,32.3,32.7,33.0,33.2,33.5,33.7,33.9,34.0,34.2,34.3,34.4,34.4,34.5,34.5,34.4,34.4,34.3,34.2,34.0,33.9,33.7,33.5,33.2,33.0,32.7,32.3,32.0,31.6,31.2,30.7,30.3,29.7,29.2,28.6,28.0,27.4,26.8,26.1,25.3,24.6,23.8,23.0,22.1,21.3,20.4,19.4,18.5,17.5,16.4,15.4,14.3,13.2,12.1,10.9,9.8,8.6,7.4,6.2,5.0,3.7,2.5,1.2,0.0
0.0,1.2,2.4,3.6,4.8,5.9,7.1,8.2,9.4,10.5,11.6,12.7,13.7,14.8,15.8,16.8,17.7,18.7,19.6,20.5,21.3,22.1,22.9,23.7,24.4,25.1,25.8,26.4,27.0,27.6,28.2,28.7,29.2,29.7,30.1,30.5,30.9,31.2,31.6,31.8,32.1,32.4,32.6,32.8,32.9,33.0,33.2,33.2,33.3,33.3,33.3,33.3,33.2,33.2,33.0,32.9,32.8,32.6,32.4,32.1,31.8,31.6,31.2,30.9,30.5,30.1,29.7,29.2,28.7,28.2,27.6,27.0,26.4,25.8,25.1,24.4,23.7,22.9,22.1,21.3,20.5,19.6,18.7,17.7,16.8,15.8,14.8,13.7,12.7,11.6,10.5,9.4,8.2,7.1,5.9,4.8,3.6,2.4,1.2,0.0
0.0,1.1,2.3,3.4,4.6,5.7,6.8,7.9,9.0,10.1,11.1,12.2,13.2,14.2,15.2,16.1,17.1,18.0,18.8,19.7,20.5,21.3,22.1,22.8,23.5,24.2,24.9,25.5,26.1,26.6,27.2,27.7,28.2,28.6,29.1,29.5,29.8,30.2,30.5,30.8,31.0,31.3,31.5,31.7,31.8,31.9,32.0,32.1,32.2,32.2,32.2,32.2,32.1,32.0,31.9,31.8,31.7,31.5,31.3,31.0,30.8,30.5,30.2,29.8,29.5,29.1,28.6,28.2,27.7,27.2,26.6,26.1,25.5,24.9,24.2,23.5,22.8,22.1,21.3,20.5,19.7,18.8,18.0,17.1,16.1,15.2,14.2,13.2,12.2,11.1,10.1,9.0,7.9,6.8,5.7,4.6,3.4,2.3,1.1,0.0
0.0,1.1,2.2,3.3,4.4,5.5,6.5,7.6,8.7,9.7,10.7,11.7,12.7,13.6,14.6,15.5,16.4,17.3,18.1,18.9,19.7,20.5,21.3,22.0,22.7,23.3,24.0,24.6,25.1,25.7,26.2,26.7,27.2,27.6,28.0,28.4,28.8,29.1,29.4,29.7,30.0,30.2,30.4,30.6,30.7,30.9,31.0,31.0,31.1,31.1,31.1,31.1,31.0,31.0,30.9,30.7,30.6,30.4,30.2,30.0,29.7,29.4,29.1,28.8,28.4,28.0,27.6,27.2,26.7,26.2,25.7,25.1,24.6,24.0,23.3,22.7,22.0,21.3,20.5,19.7,18.9,18.1,17.3,16.4,15.5,14.6,13.6,12.7,11.7,10.7,9.7,8.7,7.6,6.5,5.5,4.4,3.3,2.2,1.1,0.0
0.0,1.1,2.1,3.2,4.2,5.3,6.3,7.3,8.3,9.3,10.3,11.2,12.2,13.1,14.0,14.9,15.8,16.6,17.4,18.2,19.0,19.7,20.5,21.2,21.8,22.5,23.1,23.7,24.2,24.8,25.3,25.8,26.2,26.7,27.1,27.4,27.8,28.1,28.4,28.7,28.9,29.2,29.4,29.5,29.7,29.8,29.9,30.0,30.0,30.1,30.1,30.0,30.0,29.9,29.8,29.7,29.5,29.4,29.2,28.9,28.7,28.4,28.1,27.8,27.4,27.1,26.7,26.2,25.8,25.3,24.8,24.2,23.7,23.1,22.5,21.8,21.2,20.5,19.7,19.0,18.2,17.4,16.6,15.8,14.9,14.0,13.1,12.2,11.2,10.3,9.3,8.3,7.3,6.3,5.3,4.2,3.2,2.1,1.1,0.0
0.0,1.0,2.0,3.0,4.0,5.0,6.0,7.0,8.0,8.9,9.9,10.8,11.7,12.6,13.5,14.3,15.2,16.0,16.8,17.5,18.3,19.0,19.7,20.4,21.0,21.6,22.2,22.8,23.4,23.9,24.4,24.8,25.3,25.7,26.1,26.5,26.8,27.1,27.4,27.7,27.9,28.2,28.4,28.5,28.7,28.8,28.9,29.0,29.0,29.0,29.0,29.0,29.0,28.9,28.8,28.7,28.5,28.4,28.2,27.9,27.7,27.4,27.1,26.8,26.5,26.1,25.7,25.3,24.8,24.4,23.9,23.4,22.8,22.2,21.6,21.0,20.4,19.7,19.0,18.3,17.5,16.8,16.0,15.2,14.3,13.5,12.6,11.7,10.8,9.9,8.9,8.0,7.0,6.0,5.0,4.0,3.0,2.0,1.0,0.0
0.0,1.0,1.9,2.9,3.9,4.8,5.8,6.7,7.7,8.6,9.5,10.4,11.3,12.1,13.0,13.8,14.6,15.4,16.1,16.9,17.6,18.3,19.0,19.6,20.2,20.9,21.4,22.0,22.5,23.0,23.5,24.0,24.4,24.8,25.2,25.5,25.9,26.2,26.5,26.7,27.0,27.2,27.4,27.5,27.7,27.8,27.9,28.0,28.0,28.0,28.0,28.0,28.0,27.9,27.8,27.7,27.5,27.4,27.2,27.0,26.7,26.5,26.2,25.9,25.5,25.2,24.8,24.4,24.0,23.5,23.0,22.5,22.0,21.4,20.9,20.2,19.6,19.0,18.3,17.6,16.9,16.1,15.4,14.6,13.8,13.0,12.1,11.3,10.4,9.5,8.6,7.7,6.7,5.8,4.8,3.9,2.9,1.9,1.0,0.0
0.0,0.9,1.9,2.8,3.7,4.6,5.6,6.5,7.4,8.2,9.1,10.0,10.8,11.7,12.5,13.3,14.0,14.8,15.5,16.2,16.9,17.6,18.3,18.9,19.5,20.1,20.6,21.2,21.7,22.2,22.7,23.1,23.5,23.9,24.3,24.6,25.0,25.3,25.5,25.8,26.0,26.2,26.4,26.6,26.7,26.8,26.9,27.0,27.0,27.1,27.1,27.0,27.0,26.9,26.8,26.7,26.6,26.4,26.2,26.0,25.8,25.5,25.3,25.0,24.6,24.3,23.9,23.5,23.1,22.7,22.2,21.7,21.2,20.6,20.1,19.5,18.9,18.3,17.6,16.9,16.2,15.5,14.8,14.0,13.3,12.5,11.7,10.8,10.0,9.1,8.2,7.4,6.5,5.6,4.6,3.7,2.8,1.9,0.9,0.0
0.0,0.9,1.8,2.7,3.6,4.5,5.3,6.2,7.1,7.9,8.8,9.6,10.4,11.2,12.0,12.7,13.5,14.2,14.9,15.6,16.3,16.9,17.6,18.2,18.8,19.3,19.9,20.4,20.9,21.4,21.8,22.3,22.7,23.1,23.4,23.8,24.1,24.4,24.6,24.9,25.1,25.3,25.5,25.6,25.8,25.9,26.0,26.0,26.1,26.1,26.1,26.1,26.0,26.0,25.9,25.8,25.6,25.5,25.3,25.1,24.9,24.6,24.4,24.1,23.8,23.4,23.1,22.7,22.3,21.8,21.4,20.9,20.4,19.9,19.3,18.8,18.2,17.6,16.9,16.3,15.6,14.9,14.2,13.5,12.7,12.0,11.2,10.4,9.6,8.8,7.9,7.1,6.2,5.3,4.5,3.6,2.7,1.8,0.9,0.0
0.0,0.9,1.7,2.6,3.4,4.3,5.1,6.0,6.8,7.6,8.4,9.2,10.0,10.8,11.5,12.3,13.0,13.7,14.4,15.0,15.7,16.3,16.9,17.5,18.1,18.6,19.1,19.7,20.1,20.6,21.0,21.5,21.8,22.2,22.6,22.9,23.2,23.5,23.8,24.0,24.2,24.4,24.6,24.7,24.9,25.0,25.1,25.1,25.2,25.2,25.2,25.2,25.1,25.1,25.0,24.9,24.7,24.6,24.4,24.2,24.0,23.8,23.5,23.2,22.9,22.6,22.2,21.8,21.5,21.0,20.6,20.1,19.7,19.1,18.6,18.1,17.5,16.9,16.3,15.7,15.0,14.4,13.7,13.0,12.3,11.5,10.8,10.0,9.2,8.4,7.6,6.8,6.0,5.1,4.3,3.4,2.6,1.7,0.9,0.0
0.0,0.8,1.7,2.5,3.3,4.1,4.9,5.7,6.5,7.3,8.1,8.9,9.6,10.3,11.1,11.8,12.5,13.2,13.8,14.5,15.1,15.7,16.3,16.8,17.4,17.9,18.4,18.9,19.4,19.8,20.3,20.7,21.1,21.4,21.8,22.1,22.4,22.6,22.9,23.1,23.4,23.5,23.7,23.9,24.0,24.1,24.2,24.2,24.3,24.3,24.3,24.3,24.2,24.2,24.1,24.0,23.9,23.7,23.5,23.4,23.1,22.9,22.6,22.4,22.1,21.8,21.4,21.1,20.7,20.3,19.8,19.4,18.9,18.4,17.9,17.4,16.8,16.3,15.7,15.1,14.5,13.8,13.2,12.5,11.8,11.1,10.3,9.6,8.9,8.1,7.3,6.5,5.7,4.9,4.1,3.3,2.5,1.7,0.8,0.0
0.0,0.8,1.6,2.4,3.2,4.0,4.7,5.5,6.3,7.0,7.8,8.5,9.2,9.9,10.6,11.3,12.0,12.6,13.3,13.9,14.5,15.1,15.7,16.2,16.7,17.3,17.7,18.2,18.7,19.1,19.5,19.9,20.3,20.6,21.0,21.3,21.6,21.8,22.1,22.3,22.5,22.7,22.9,23.0,23.1,23.2,23.3,23.4,23.4,23.4,23.4,23.4,23.4,23.3,23.2,23.1,23.0,22.9,22.7,22.5,22.3,22.1,21.8,21.6,21.3,21.0,20.6,20.3,19.9,19.5,19.1,18.7,18.2,17.7,17.3,16.7,16.2,15.7,15.1,14.5,13.9,13.3,12.6,12.0,11.3,10.6,9.9,9.2,8.5,7.8,7.0,6.3,5.5,4.7,4.0,3.2,2.4,1.6,0.8,0.0
0.0,0.8,1.5,2.3,3.0,3.8,4.5,5.3,6.0,6.8,7.5,8.2,8.9,9.6,10.2,10.9,11.5,12.2,12.8,13.4,14.0,14.5,15.1,15.6,16.1,16.6,17.1,17.5,18.0,18.4,18.8,19.2,19.5,19.9,20.2,20.5,20.8,21.0,21.3,21.5,21.7,21.9,22.0,22.2,22.3,22.4,22.5,22.5,22.6,22.6,22.6,22.6,22.5,22.5,22.4,22.3,22.2,22.0,21.9,21.7,21.5,21.3,21.0,20.8,20.5,20.2,19.9,19.5,19.2,18.8,18.4,18.0,17.5,17.1,16.6,16.1,15.6,15.1,14.5,14.0,13.4,12.8,12.2,11.5,10.9,10.2,9.6,8.9,8.2,7.5,6.8,6.0,5.3,4.5,3.8,3.0,2.3,1.5,0.8,0.0
0.0,0.7,1.5,2.2,2.9,3.7,4.4,5.1,5.8,6.5,7.2,7.9,8.5,9.2,9.8,10.5,11.1,11.7,12.3,12.9,13.4,14.0,14.5,15.0,15.5,16.0,16.4,16.9,17.3,17.7,18.1,18.5,18.8,19.1,19.4,19.7,20.0,20.3,20.5,20.7,20.9,21.1,21.2,21.4,21.5,21.6,21.7,21.7,21.8,21.8,21.8,21.8,21.7,21.7,21.6,21.5,21.4,21.2,21.1,20.9,20.7,20.5,20.3,20.0,19.7,19.4,19.1,18.8,18.5,18.1,17.7,17.3,16.9,16.4,16.0,15.5,15.0,14.5,14.0,13.4,12.9,12.3,11.7,11.1,10.5,9.8,9.2,8.5,7.9,7.2,6.5,5.8,5.1,4.4,3.7,2.9,2.2,1.5,0.7,0.0
0.0,0.7,1.4,2.1,2.8,3.5,4.2,4.9,5.6,6.2,6.9,7.5,8.2,8.8,9.4,10.1,10.7,11.2,11.8,12.4,12.9,13.4,13.9,14.4,14.9,15.4,15.8,16.2,16.7,17.0,17.4,17.8,18.1,18.4,18.7,19.0,19.3,19.5,19.7,19.9,20.1,20.3,20.5,20.6,20.7,20.8,20.9,20.9,21.0,21.0,21.0,21.0,20.9,20.9,20.8,20.7,20.6,20.5,20.3,20.1,19.9,19.7,19.5,19.3,19.0,18.7,18.4,18.1,17.8,17.4,17.0,16.7,16.2,15.8,15.4,14.9,14.4,13.9,13.4,12.9,12.4,11.8,11.2,10.7,10.1,9.4,8.8,8.2,7.5,6.9,6.2,5.6,4.9,4.2,3.5,2.8,2.1,1.4,0.7,0.0
0.0,0.7,1.4,2.0,2.7,3.4,4.0,4.7,5.3,6.0,6.6,7.2,7.9,8.5,9.1,9.7,10.2,10.8,11.3,11.9,12.4,12.9,13.4,13.9,14.3,14.8,15.2,15.6,16.0,16.4,16.8,17.1,17.4,17.7,18.0,18.3,18.6,18.8,19.0,19.2,19.4,19.6,19.7,19.8,19.9,20.0,20.1,20.2,20.2,20.2,20.2,20.2,20.2,20.1,20.0,19.9,19.8,19.7,19.6,19.4,19.2,19.0,18.8,18.6,18.3,18.0,17.7,17.4,17.1,16.8,16.4,16.0,15.6,15.2,14.8,14.3,13.9,13.4,12.9,12.4,11.9,11.3,10.8,10.2,9.7,9.1,8.5,7.9,7.2,6.6,6.0,5.3,4.7,4.0,3.4,2.7,2.0,1.4,0.7,0.0
0.0,0.6,1.3,1.9,2.6,3.2,3.9,4.5,5.1,5.7,6.4,7.0,7.6,8.1,8.7,9.3,9.8,10.4,10.9,11.4,11.9,12.4,12.9,13.3,13.8,14.2,14.6,15.0,15.4,15.8,16.1,16.5,16.8,17.1,17.3,17.6,17.9,18.1,18.3,18.5,18.7,18.8,19.0,19.1,19.2,19.3,19.4,19.4,19.4,19.5,19.5,19.4,19.4,19.4,19.3,19.2,19.1,19.0,18.8,18.7,18.5,18.3,18.1,17.9,17.6,17.3,17.1,16.8,16.5,16.1,15.8,15.4,15.0,14.6,14.2,13.8,13.3,12.9,12.4,11.9,11.4,10.9,10.4,9.8,9.3,8.7,8.1,7.6,7.0,6.4,5.7,5.1,4.5,3.9,3.2,2.6,1.9,1.3,0.6,0.0
0.0,0.6,1.2,1.9,2.5,3.1,3.7,4.3,4.9,5.5,6.1,6.7,7.3,7.8,8.4,8.9,9.4,10.0,10.5,11.0,11.5,11.9,12.4,12.8,13.3,13.7,14.1,14.4,14.8,15.2,15.5,15.8,16.1,16.4,16.7,16.9,17.2,17.4,17.6,17.8,18.0,18.1,18.3,18.4,18.5,18.6,18.6,18.7,18.7,18.7,18.7,18.7,18.7,18.6,18.6,18.5,18.4,18.3,18.1,18.0,17.8,17.6,17.4,17.2,16.9,16.7,16.4,16.1,15.8,15.5,15.2,14.8,14.4,14.1,13.7,13.3,12.8,12.4,11.9,11.5,11.0,10.5,10.0,9.4,8.9,8.4,7.8,7.3,6.7,6.1,5.5,4.9,4.3,3.7,3.1,2.5,1.9,1.2,0.6,0.0
0.0,0.6,1.2,1.8,2.4,3.0,3.6,4.1,4.7,5.3,5.9,6.4,7.0,7.5,8.0,8.6,9.1,9.6,10.1,10.5,11.0,11.5,11.9,12.3,12.7,13.1,13.5,13.9,14.2,14.6,14.9,15.2,15.5,15.8,16.1,16.3,16.5,16.7,16.9,17.1,17.3,17.4,17.6,17.7,17.8,17.9,17.9,18.0,18.0,18.0,18.0,18.0,18.0,17.9,17.9,17.8,17.7,17.6,17.4,17.3,17.1,16.9,16.7,16.5,16.3,16.1,15.8,15.5,15.2,14.9,14.6,14.2,13.9,13.5,13.1,12.7,12.3,11.9,11.5,11.0,10.5,10.1,9.6,9.1,8.6,8.0,7.5,7.0,6.4,5.9,5.3,4.7,4.1,3.6,3.0,2.4,1.8,1.2,0.6,0.0
0.0,0.6,1.1,1.7,2.3,2.9,3.4,4.0,4.5,5.1,5.6,6.2,6.7,7.2,7.7,8.2,8.7,9.2,9.7,10.1,10.6,11.0,11.4,11.8,12.2,12.6,13.0,13.3,13.7,14.0,14.3,14.6,14.9,15.2,15.4,15.7,15.9,16.1,16.3,16.5,16.6,16.8,16.9,17.0,17.1,17.2,17.2,17.3,17.3,17.3,17.3,17.3,17.3,17.2,17.2,17.1,17.0,16.9,16.8,16.6,16.5,16.3,16.1,15.9,15.7,15.4,15.2,14.9,14.6,14.3,14.0,13.7,13.3,13.0,12.6,12.2,11.8,11.4,11.0,10.6,10.1,9.7,9.2,8.7,8.2,7.7,7.2,6.7,6.2,5.6,5.1,4.5,4.0,3.4,2.9,2.3,1.7,1.1,0.6,0.0
0.0,0.6,1.1,1.7,2.2,2.7,3.3,3.8,4.4,4.9,5.4,5.9,6.4,6.9,7.4,7.9,8.4,8.8,9.3,9.7,10.2,10.6,11.0,11.4,11.8,12.1,12.5,12.8,13.2,13.5,13.8,14.1,14.3,14.6,14.8,15.1,15.3,15.5,15.7,15.8,16.0,16.1,16.2,16.4,16.4,16.5,16.6,16.6,16.7,16.7,16.7,16.7,16.6,16.6,16.5,16.4,16.4,16.2,16.1,16.0,15.8,15.7,15.5,15.3,15.1,14.8,14.6,14.3,14.1,13.8,13.5,13.2,12.8,12.5,12.1,11.8,11.4,11.0,10.6,10.2,9.7,9.3,8.8,8.4,7.9,7.4,6.9,6.4,5.9,5.4,4.9,4.4,3.8,3.3,2.7,2.2,1.7,1.1,0.6,0.0
0.0,0.5,1.1,1.6,2.1,2.6,3.1,3.7,4.2,4.7,5.2,5.7,6.2,6.6,7.1,7.6,8.0,8.5,8.9,9.3,9.7,10.1,10.5,10.9,11.3,11.6,12.0,12.3,12.6,12.9,13.2,13.5,13.8,14.0,14.3,14.5,14.7,14.9,15.0,15.2,15.4,15.5,15.6,15.7,15.8,15.9,15.9,16.0,16.0,16.0,16.0,16.0,16.0,15.9,15.9,15.8,15.7,15.6,15.5,15.4,15.2,15.0,14.9,14.7,14.5,14.3,14.0,13.8,13.5,13.2,12.9,12.6,12.3,12.0,11.6,11.3,10.9,10.5,10.1,9.7,9.3,8.9,8.5,8.0,7.6,7.1,6.6,6.2,5.7,5.2,4.7,4.2,3.7,3.1,2.6,2.1,1.6,1.1,0.5,0.0
0.0,0.5,1.0,1.5,2.0,2.5,3.0,3.5,4.0,4.5,5.0,5.4,5.9,6.4,6.8,7.3,7.7,8.1,8.5,9.0,9.3,9.7,10.1,10.5,10.8,11.2,11.5,11.8,12.1,12.4,12.7,13.0,13.2,13.5,13.7,13.9,14.1,14.3,14.5,14.6,14.8,14.9,15.0,15.1,15.2,15.3,15.3,15.4,15.4,15.4,15.4,15.4,15.4,15.3,15.3,15.2,15.1,15.0,14.9,14.8,14.6,14.5,14.3,14.1,13.9,13.7,13.5,13.2,13.0,12.7,12.4,12.1,11.8,11.5,11.2,10.8,10.5,10.1,9.7,9.3,9.0,8.5,8.1,7.7,7.3,6.8,6.4,5.9,5.4,5.0,4.5,4.0,3.5,3.0,2.5,2.0,1.5,1.0,0.5,0.0
0.0,0.5,1.0,1.5,1.9,2.4,2.9,3.4,3.8,4.3,4.8,5.2,5.7,6.1,6.5,7.0,7.4,7.8,8.2,8.6,9.0,9.3,9.7,10.1,10.4,10.7,11.0,11.3,11.6,11.9,12.2,12.4,12.7,12.9,13.1,13.3,13.5,13.7,13.9,14.0,14.2,14.3,14.4,14.5,14.6,14.7,14.7,14.8,14.8,14.8,14.8,14.8,14.8,14.7,14.7,14.6,14.5,14.4,14.3,14.2,14.0,13.9,13.7,13.5,13.3,13.1,12.9,12.7,12.4,12.2,11.9,11.6,11.3,11.0,10.7,10.4,10.1,9.7,9.3,9.0,8.6,8.2,7.8,7.4,7.0,6.5,6.1,5.7,5.2,4.8,4.3,3.8,3.4,2.9,2.4,1.9,1.5,1.0,0.5,0.0
0.0,0.5,0.9,1.4,1.9,2.3,2.8,3.2,3.7,4.1,4.6,5.0,5.4,5.9,6.3,6.7,7.1,7.5,7.9,8.2,8.6,9.0,9.3,9.6,10.0,10.3,10.6,10.9,11.2,11.4,11.7,11.9,12.2,12.4,12.6,12.8,13.0,13.2,13.3,13.5,13.6,13.7,13.8,13.9,14.0,14.1,14.1,14.2,14.2,14.2,14.2,14.2,14.2,14.1,14.1,14.0,13.9,13.8,13.7,13.6,13.5,13.3,13.2,13.0,12.8,12.6,12.4,12.2,11.9,11.7,11.4,11.2,10.9,10.6,10.3,10.0,9.6,9.3,9.0,8.6,8.2,7.9,7.5,7.1,6.7,6.3,5.9,5.4,5.0,4.6,4.1,3.7,3.2,2.8,2.3,1.9,1.4,0.9,0.5,0.0
0.0,0.4,0.9,1.3,1.8,2.2,2.7,3.1,3.5,3.9,4.4,4.8,5.2,5.6,6.0,6.4,6.8,7.2,7.5,7.9,8.2,8.6,8.9,9.2,9.6,9.9,10.2,10.4,10.7,11.0,11.2,11.5,11.7,11.9,12.1,12.3,12.5,12.6,12.8,12.9,13.0,13.2,13.3,13.4,13.4,13.5,13.5,13.6,13.6,13.6,13.6,13.6,13.6,13.5,13.5,13.4,13.4,13.3,13.2,13.0,12.9,12.8,12.6,12.5,12.3,12.1,11.9,11.7,11.5,11.2,11.0,10.7,10.4,10.2,9.9,9.6,9.2,8.9,8.6,8.2,7.9,7.5,7.2,6.8,6.4,6.0,5.6,5.2,4.8,4.4,3.9,3.5,3.1,2.7,2.2,1.8,1.3,0.9,0.4,0.0
0.0,0.4,0.9,1.3,1.7,2.1,2.5,3.0,3.4,3.8,4.2,4.6,5.0,5.4,5.8,6.1,6.5,6.9,7.2,7.6,7.9,8.2,8.5,8.9,9.2,9.4,9.7,10.0,10.3,10.5,10.7,11.0,11.2,11.4,11.6,11.8,11.9,12.1,12.3,12.4,12.5,12.6,12.7,12.8,12.9,12.9,13.0,13.0,13.1,13.1,13.1,13.1,13.0,13.0,12.9,12.9,12.8,12.7,12.6,12.5,12.4,12.3,12.1,11.9,11.8,11.6,11.4,11.2,11.0,10.7,10.5,10.3,10.0,9.7,9.4,9.2,8.9,8.5,8.2,7.9,7.6,7.2,6.9,6.5,6.1,5.8,5.4,5.0,4.6,4.2,3.8,3.4,3.0,2.5,2.1,1.7,1.3,0.9,0.4,0.0
0.0,0.4,0.8,1.2,1.6,2.0,2.4,2.8,3.2,3.6,4.0,4.4,4.8,5.1,5.5,5.9,6.2,6.6,6.9,7.2,7.6,7.9,8.2,8.5,8.8,9.0,9.3,9.6,9.8,10.1,10.3,10.5,10.7,10.9,11.1,11.3,11.4,11.6,11.7,11.9,12.0,12.1,12.2,12.3,12.3,12.4,12.5,12.5,12.5,12.5,12.5,12.5,12.5,12.5,12.4,12.3,12.3,12.2,12.1,12.0,11.9,11.7,11.6,11.4,11.3,11.1,10.9,10.7,10.5,10.3,10.1,9.8,9.6,9.3,9.0,8.8,8.5,8.2,7.9,7.6,7.2,6.9,6.6,6.2,5.9,5.5,5.1,4.8,4.4,4.0,3.6,3.2,2.8,2.4,2.0,1.6,1.2,0.8,0.4,0.0
0.0,0.4,0.8,1.2,1.6,1.9,2.3,2.7,3.1,3.5,3.8,4.2,4.6,4.9,5.3,5.6,6.0,6.3,6.6,6.9,7.2,7.5,7.8,8.1,8.4,8.7,8.9,9.2,9.4,9.6,9.9,10.1,10.3,10.5,10.6,10.8,11.0,11.1,11.2,11.4,11.5,11.6,11.7,11.8,11.8,11.9,11.9,12.0,12.0,12.0,12.0,12.0,12.0,11.9,11.9,11.8,11.8,11.7,11.6,11.5,11.4,11.2,11.1,11.0,10.8,10.6,10.5,10.3,10.1,9.9,9.6,9.4,9.2,8.9,8.7,8.4,8.1,7.8,7.5,7.2,6.9,6.6,6.3,6.0,5.6,5.3,4.9,4.6,4.2,3.8,3.5,3.1,2.7,2.3,1.9,1.6,1.2,0.8,0.4,0.0
0.0,0.4,0.7,1.1,1.5,1.9,2.2,2.6,3.0,3.3,3.7,4.0,4.4,4.7,5.0,5.4,5.7,6.0,6.3,6.6,6.9,7.2,7.5,7.8,8.0,8.3,8.5,8.8,9.0,9.2,9.4,9.6,9.8,10.0,10.2,10.3,10.5,10.6,10.8,10.9,11.0,11.1,11.2,11.3,11.3,11.4,11.4,11.4,11.5,11.5,11.5,11.5,11.4,11.4,11.4,11.3,11.3,11.2,11.1,11.0,10.9,10.8,10.6,10.5,10.3,10.2,10.0,9.8,9.6,9.4,9.2,9.0,8.8,8.5,8.3,8.0,7.8,7.5,7.2,6.9,6.6,6.3,6.0,5.7,5.4,5.0,4.7,4.4,4.0,3.7,3.3,3.0,2.6,2.2,1.9,1.5,1.1,0.7,0.4,0.0
0.0,0.4,0.7,1.1,1.4,1.8,2.1,2.5,2.8,3.2,3.5,3.8,4.2,4.5,4.8,5.1,5.4,5.7,6.0,6.3,6.6,6.9,7.2,7.4,7.7,7.9,8.2,8.4,8.6,8.8,9.0,9.2,9.4,9.6,9.7,9.9,10.0,10.2,10.3,10.4,10.5,10.6,10.7,10.8,10.8,10.9,10.9,11.0,11.0,11.0,11.0,11.0,11.0,10.9,10.9,10.8,10.8,10.7,10.6,10.5,10.4,10.3,10.2,10.0,9.9,9.7,9.6,9.4,9.2,9.0,8.8,8.6,8.4,8.2,7.9,7.7,7.4,7.2,6.9,6.6,6.3,6.0,5.7,5.4,5.1,4.8,4.5,4.2,3.8,3.5,3.2,2.8,2.5,2.1,1.8,1.4,1.1,0.7,0.4,0.0
0.0,0.3,0.7,1.0,1.4,1.7,2.0,2.4,2.7,3.0,3.3,3.7,4.0,4.3,4.6,4.9,5.2,5.5,5.8,6.0,6.3,6.6,6.8,7.1,7.3,7.6,7.8,8.0,8.2,8.4,8.6,8.8,9.0,9.1,9.3,9.4,9.6,9.7,9.8,9.9,10.0,10.1,10.2,10.3,10.3,10.4,10.4,10.5,10.5,10.5,10.5,10.5,10.5,10.4,10.4,10.3,10.3,10.2,10.1,10.0,9.9,9.8,9.7,9.6,9.4,9.3,9.1,9.0,8.8,8.6,8.4,8.2,8.0,7.8,7.6,7.3,7.1,6.8,6.6,6.3,6.0,5.8,5.5,5.2,4.9,4.6,4.3,4.0,3.7,3.3,3.0,2.7,2.4,2.0,1.7,1.4,1.0,0.7,0.3,0.0
0.0,0.3,0.6,1.0,1.3,1.6,1.9,2.3,2.6,2.9,3.2,3.5,3.8,4.1,4.4,4.7,5.0,5.2,5.5,5.8,6.0,6.3,6.5,6.8,7.0,7.2,7.4,7.6,7.8,8.0,8.2,8.4,8.6,8.7,8.9,9.0,9.2,9.3,9.4,9.5,9.6,9.7,9.8,9.8,9.9,9.9,10.0,10.0,10.0,10.0,10.0,10.0,10.0,10.0,9.9,9.9,9.8,9.8,9.7,9.6,9.5,9.4,9.3,9.2,9.0,8.9,8.7,8.6,8.4,8.2,8.0,7.8,7.6,7.4,7.2,7.0,6.8,6.5,6.3,6.0,5.8,5.5,5.2,5.0,4.7,4.4,4.1,3.8,3.5,3.2,2.9,2.6,2.3,1.9,1.6,1.3,1.0,0.6,0.3,0.0
0.0,0.3,0.6,0.9,1.2,1.5,1.8,2.1,2.4,2.7,3.0,3.3,3.6,3.9,4.2,4.5,4.7,5.0,5.2,5.5,5.7,6.0,6.2,6.5,6.7,6.9,7.1,7.3,7.5,7.7,7.8,8.0,8.2,8.3,8.5,8.6,8.7,8.9,9.0,9.1,9.2,9.2,9.3,9.4,9.4,9.5,9.5,9.5,9.6,9.6,9.6,9.6,9.5,9.5,9.5,9.4,9.4,9.3,9.2,9.2,9.1,9.0,8.9,8.7,8.6,8.5,8.3,8.2,8.0,7.8,7.7,7.5,7.3,7.1,6.9,6.7,6.5,6.2,6.0,5.7,5.5,5.2,5.0,4.7,4.5,4.2,3.9,3.6,3.3,3.0,2.7,2.4,2.1,1.8,1.5,1.2,0.9,0.6,0.3,0.0
0.0,0.3,0.6,0.9,1.2,1.5,1.8,2.0,2.3,2.6,2.9,3.2,3.4,3.7,4.0,4.2,4.5,4.8,5.0,5.2,5.5,5.7,5.9,6.1,6.4,6.6,6.8,7.0,7.1,7.3,7.5,7.6,7.8,7.9,8.1,8.2,8.3,8.4,8.5,8.6,8.7,8.8,8.9,8.9,9.0,9.0,9.1,9.1,9.1,9.1,9.1,9.1,9.1,9.1,9.0,9.0,8.9,8.9,8.8,8.7,8.6,8.5,8.4,8.3,8.2,8.1,7.9,7.8,7.6,7.5,7.3,7.1,7.0,6.8,6.6,6.4,6.1,5.9,5.7,5.5,5.2,5.0,4.8,4.5,4.2,4.0,3.7,3.4,3.2,2.9,2.6,2.3,2.0,1.8,1.5,1.2,0.9,0.6,0.3,0.0
0.0,0.3,0.6,0.8,1.1,1.4,1.7,1.9,2.2,2.5,2.8,3.0,3.3,3.5,3.8,4.0,4.3,4.5,4.8,5.0,5.2,5.4,5.6,5.9,6.1,6.2,6.4,6.6,6.8,7.0,7.1,7.3,7.4,7.6,7.7,7.8,7.9,8.0,8.1,8.2,8.3,8.4,8.5,8.5,8.6,8.6,8.6,8.7,8.7,8.7,8.7,8.7,8.7,8.6,8.6,8.6,8.5,8.5,8.4,8.3,8.2,8.1,8.0,7.9,7.8,7.7,7.6,7.4,7.3,7.1,7.0,6.8,6.6,6.4,6.2,6.1,5.9,5.6,5.4,5.2,5.0,4.8,4.5,4.3,4.0,3.8,3.5,3.3,3.0,2.8,2.5,2.2,1.9,1.7,1.4,1.1,0.8,0.6,0.3,0.0
0.0,0.3,0.5,0.8,1.1,1.3,1.6,1.9,2.1,2.4,2.6,2.9,3.1,3.4,3.6,3.8,4.1,4.3,4.5,4.7,5.0,5.2,5.4,5.6,5.8,5.9,6.1,6.3,6.5,6.6,6.8,6.9,7.1,7.2,7.3,7.4,7.5,7.6,7.7,7.8,7.9,8.0,8.0,8.1,8.1,8.2,8.2,8.2,8.3,8.3,8.3,8.3,8.2,8.2,8.2,8.1,8.1,8.0,8.0,7.9,7.8,7.7,7.6,7.5,7.4,7.3,7.2,7.1,6.9,6.8,6.6,6.5,6.3,6.1,5.9,5.8,5.6,5.4,5.2,5.0,4.7,4.5,4.3,4.1,3.8,3.6,3.4,3.1,2.9,2.6,2.4,2.1,1.9,1.6,1.3,1.1,0.8,0.5,0.3,0.0
0.0,0.3,0.5,0.8,1.0,1.3,1.5,1.8,2.0,2.2,2.5,2.7,3.0,3.2,3.4,3.6,3.9,4.1,4.3,4.5,4.7,4.9,5.1,5.3,5.5,5.6,5.8,6.0,6.1,6.3,6.4,6.6,6.7,6.8,6.9,7.1,7.2,7.3,7.3,7.4,7.5,7.6,7.6,7.7,7.7,7.8,7.8,7.8,7.8,7.8,7.8,7.8,7.8,7.8,7.8,7.7,7.7,7.6,7.6,7.5,7.4,7.3,7.3,7.2,7.1,6.9,6.8,6.7,6.6,6.4,6.3,6.1,6.0,5.8,5.6,5.5,5.3,5.1,4.9,4.7,4.5,4.3,4.1,3.9,3.6,3.4,3.2,3.0,2.7,2.5,2.2,2.0,1.8,1.5,1.3,1.0,0.8,0.5,0.3,0.0
0.0,0.2,0.5,0.7,1.0,1.2,1.4,1.7,1.9,2.1,2.4,2.6,2.8,3.0,3.2,3.5,3.7,3.9,4.1,4.3,4.5,4.6,4.8,5.0,5.2,5.4,5.5,5.7,5.8,6.0,6.1,6.2,6.4,6.5,6.6,6.7,6.8,6.9,7.0,7.0,7.1,7.2,7.2,7.3,7.3,7.4,7.4,7.4,7.4,7.4,7.4,7.4,7.4,7.4,7.4,7.3,7.3,7.2,7.2,7.1,7.0,7.0,6.9,6.8,6.7,6.6,6.5,6.4,6.2,6.1,6.0,5.8,5.7,5.5,5.4,5.2,5.0,4.8,4.6,4.5,4.3,4.1,3.9,3.7,3.5,3.2,3.0,2.8,2.6,2.4,2.1,1.9,1.7,1.4,1.2,1.0,0.7,0.5,0.2,0.0
0.0,0.2,0.5,0.7,0.9,1.1,1.4,1.6,1.8,2.0,2.2,2.4,2.7,2.9,3.1,3.3,3.5,3.7,3.9,4.0,4.2,4.4,4.6,4.7,4.9,5.1,5.2,5.4,5.5,5.6,5.8,5.9,6.0,6.1,6.2,6.3,6.4,6.5,6.6,6.7,6.7,6.8,6.9,6.9,7.0,7.0,7.0,7.0,7.0,7.1,7.1,7.0,7.0,7.0,7.0,7.0,6.9,6.9,6.8,6.7,6.7,6.6,6.5,6.4,6.3,6.2,6.1,6.0,5.9,5.8,5.6,5.5,5.4,5.2,5.1,4.9,4.7,4.6,4.4,4.2,4.0,3.9,3.7,3.5,3.3,3.1,2.9,2.7,2.4,2.2,2.0,1.8,1.6,1.4,1.1,0.9,0.7,0.5,0.2,0.0
0.0,0.2,0.4,0.6,0.9,1.1,1.3,1.5,1.7,1.9,2.1,2.3,2.5,2.7,2.9,3.1,3.3,3.5,3.6,3.8,4.0,4.2,4.3,4.5,4.6,4.8,4.9,5.1,5.2,5.3,5.5,5.6,5.7,5.8,5.9,6.0,6.1,6.2,6.2,6.3,6.4,6.4,6.5,6.5,6.6,6.6,6.6,6.7,6.7,6.7,6.7,6.7,6.7,6.6,6.6,6.6,6.5,6.5,6.4,6.4,6.3,6.2,6.2,6.1,6.0,5.9,5.8,5.7,5.6,5.5,5.3,5.2,5.1,4.9,4.8,4.6,4.5,4.3,4.2,4.0,3.8,3.6,3.5,3.3,3.1,2.9,2.7,2.5,2.3,2.1,1.9,1.7,1.5,1.3,1.1,0.9,0.6,0.4,0.2,0.0
0.0,0.2,0.4,0.6,0.8,1.0,1.2,1.4,1.6,1.8,2.0,2.2,2.4,2.6,2.7,2.9,3.1,3.3,3.4,3.6,3.8,3.9,4.1,4.2,4.4,4.5,4.7,4.8,4.9,5.0,5.2,5.3,5.4,5.5,5.6,5.7,5.7,5.8,5.9,6.0,6.0,6.1,6.1,6.2,6.2,6.2,6.3,6.3,6.3,6.3,6.3,6.3,6.3,6.3,6.2,6.2,6.2,6.1,6.1,6.0,6.0,5.9,5.8,5.7,5.7,5.6,5.5,5.4,5.3,5.2,5.0,4.9,4.8,4.7,4.5,4.4,4.2,4.1,3.9,3.8,3.6,3.4,3.3,3.1,2.9,2.7,2.6,2.4,2.2,2.0,1.8,1.6,1.4,1.2,1.0,0.8,0.6,0.4,0.2,0.0
0.0,0.2,0.4,0.6,0.8,0.9,1.1,1.3,1.5,1.7,1.9,2.1,2.2,2.4,2.6,2.7,2.9,3.1,3.2,3.4,3.5,3.7,3.8,4.0,4.1,4.3,4.4,4.5,4.6,4.7,4.9,5.0,5.1,5.2,5.2,5.3,5.4,5.5,5.5,5.6,5.7,5.7,5.8,5.8,5.8,5.9,5.9,5.9,5.9,5.9,5.9,5.9,5.9,5.9,5.9,5.8,5.8,5.8,5.7,5.7,5.6,5.5,5.5,5.4,5.3,5.2,5.2,5.1,5.0,4.9,4.7,4.6,4.5,4.4,4.3,4.1,4.0,3.8,3.7,3.5,3.4,3.2,3.1,2.9,2.7,2.6,2.4,2.2,2.1,1.9,1.7,1.5,1.3,1.1,0.9,0.8,0.6,0.4,0.2,0.0
0.0,0.2,0.4,0.5,0.7,0.9,1.1,1.2,1.4,1.6,1.8,1.9,2.1,2.3,2.4,2.6,2.7,2.9,3.0,3.2,3.3,3.5,3.6,3.7,3.9,4.0,4.1,4.2,4.3,4.5,4.6,4.7,4.8,4.8,4.9,5.0,5.1,5.1,5.2,5.3,5.3,5.4,5.4,5.5,5.5,5.5,5.5,5.6,5.6,5.6,5.6,5.6,5.6,5.5,5.5,5.5,5.5,5.4,5.4,5.3,5.3,5.2,5.1,5.1,5.0,4.9,4.8,4.8,4.7,4.6,4.5,4.3,4.2,4.1,4.0,3.9,3.7,3.6,3.5,3.3,3.2,3.0,2.9,2.7,2.6,2.4,2.3,2.1,1.9,1.8,1.6,1.4,1.2,1.1,0.9,0.7,0.5,0.4,0.2,0.0
0.0,0.2,0.3,0.5,0.7,0.8,1.0,1.2,1.3,1.5,1.6,1.8,2.0,2.1,2.3,2.4,2.6,2.7,2.8,3.0,3.1,3.3,3.4,3.5,3.6,3.7,3.9,4.0,4.1,4.2,4.3,4.4,4.5,4.5,4.6,4.7,4.8,4.8,4.9,4.9,5.0,5.0,5.1,5.1,5.1,5.2,5.2,5.2,5.2,5.2,5.2,5.2,5.2,5.2,5.2,5.1,5.1,5.1,5.0,5.0,4.9,4.9,4.8,4.8,4.7,4.6,4.5,4.5,4.4,4.3,4.2,4.1,4.0,3.9,3.7,3.6,3.5,3.4,3.3,3.1,3.0,2.8,2.7,2.6,2.4,2.3,2.1,2.0,1.8,1.6,1.5,1.3,1.2,1.0,0.8,0.7,0.5,0.3,0.2,0.0
0.0,0.2,0.3,0.5,0.6,0.8,0.9,1.1,1.2,1.4,1.5,1.7,1.8,2.0,2.1,2.3,2.4,2.5,2.7,2.8,2.9,3.0,3.2,3.3,3.4,3.5,3.6,3.7,3.8,3.9,4.0,4.1,4.2,4.2,4.3,4.4,4.4,4.5,4.6,4.6,4.7,4.7,4.7,4.8,4.8,4.8,4.8,4.9,4.9,4.9,4.9,4.9,4.9,4.8,4.8,4.8,4.8,4.7,4.7,4.7,4.6,4.6,4.5,4.4,4.4,4.3,4.2,4.2,4.1,4.0,3.9,3.8,3.7,3.6,3.5,3.4,3.3,3.2,3.0,2.9,2.8,2.7,2.5,2.4,2.3,2.1,2.0,1.8,1.7,1.5,1.4,1.2,1.1,0.9,0.8,0.6,0.5,0.3,0.2,0.0
0.0,0.1,0.3,0.4,0.6,0.7,0.9,1.0,1.2,1.3,1.4,1.6,1.7,1.8,2.0,2.1,2.2,2.4,2.5,2.6,2.7,2.8,2.9,3.0,3.2,3.3,3.4,3.4,3.5,3.6,3.7,3.8,3.9,3.9,4.0,4.1,4.1,4.2,4.2,4.3,4.3,4.4,4.4,4.4,4.5,4.5,4.5,4.5,4.5,4.5,4.5,4.5,4.5,4.5,4.5,4.5,4.4,4.4,4.4,4.3,4.3,4.2,4.2,4.1,4.1,4.0,3.9,3.9,3.8,3.7,3.6,3.5,3.4,3.4,3.3,3.2,3.0,2.9,2.8,2.7,2.6,2.5,2.4,2.2,2.1,2.0,1.8,1.7,1.6,1.4,1.3,1.2,1.0,0.9,0.7,0.6,0.4,0.3,0.1,0.0
0.0,0.1,0.3,0.4,0.5,0.7,0.8,0.9,1.1,1.2,1.3,1.5,1.6,1.7,1.8,1.9,2.1,2.2,2.3,2.4,2.5,2.6,2.7,2.8,2.9,3.0,3.1,3.2,3.3,3.4,3.4,3.5,3.6,3.7,3.7,3.8,3.8,3.9,3.9,4.0,4.0,4.1,4.1,4.1,4.1,4.2,4.2,4.2,4.2,4.2,4.2,4.2,4.2,4.2,4.2,4.1,4.1,4.1,4.1,4.0,4.0,3.9,3.9,3.8,3.8,3.7,3.7,3.6,3.5,3.4,3.4,3.3,3.2,3.1,3.0,2.9,2.8,2.7,2.6,2.5,2.4,2.3,2.2,2.1,1.9,1.8,1.7,1.6,1.5,1.3,1.2,1.1,0.9,0.8,0.7,0.5,0.4,0.3,0.1,0.0
0.0,0.1,0.2,0.4,0.5,0.6,0.7,0.9,1.0,1.1,1.2,1.3,1.5,1.6,1.7,1.8,1.9,2.0,2.1,2.2,2.3,2.4,2.5,2.6,2.7,2.8,2.9,3.0,3.0,3.1,3.2,3.2,3.3,3.4,3.4,3.5,3.5,3.6,3.6,3.7,3.7,3.7,3.8,3.8,3.8,3.8,3.9,3.9,3.9,3.9,3.9,3.9,3.9,3.9,3.8,3.8,3.8,3.8,3.7,3.7,3.7,3.6,3.6,3.5,3.5,3.4,3.4,3.3,3.2,3.2,3.1,3.0,3.0,2.9,2.8,2.7,2.6,2.5,2.4,2.3,2.2,2.1,2.0,1.9,1.8,1.7,1.6,1.5,1.3,1.2,1.1,1.0,0.9,0.7,0.6,0.5,0.4,0.2,0.1,0.0
0.0,0.1,0.2,0.3,0.5,0.6,0.7,0.8,0.9,1.0,1.1,1.2,1.3,1.4,1.5,1.6,1.7,1.8,1.9,2.0,2.1,2.2,2.3,2.4,2.5,2.6,2.6,2.7,2.8,2.8,2.9,3.0,3.0,3.1,3.2,3.2,3.3,3.3,3.3,3.4,3.4,3.4,3.5,3.5,3.5,3.5,3.5,3.6,3.6,3.6,3.6,3.6,3.6,3.5,3.5,3.5,3.5,3.5,3.4,3.4,3.4,3.3,3.3,3.3,3.2,3.2,3.1,3.0,3.0,2.9,2.8,2.8,2.7,2.6,2.6,2.5,2.4,2.3,2.2,2.1,2.0,1.9,1.8,1.7,1.6,1.5,1.4,1.3,1.2,1.1,1.0,0.9,0.8,0.7,0.6,0.5,0.3,0.2,0.1,0.0
0.0,0.1,0.2,0.3,0.4,0.5,0.6,0.7,0.8,0.9,1.0,1.1,1.2,1.3,1.4,1.5,1.6,1.7,1.8,1.9,1.9,2.0,2.1,2.2,2.3,2.3,2.4,2.5,2.5,2.6,2.7,2.7,2.8,2.8,2.9,2.9,3.0,3.0,3.0,3.1,3.1,3.1,3.2,3.2,3.2,3.2,3.2,3.2,3.2,3.3,3.3,3.2,3.2,3.2,3.2,3.2,3.2,3.2,3.1,3.1,3.1,3.0,3.0,3.0,2.9,2.9,2.8,2.8,2.7,2.7,2.6,2.5,2.5,2.4,2.3,2.3,2.2,2.1,2.0,1.9,1.9,1.8,1.7,1.6,1.5,1.4,1.3,1.2,1.1,1.0,0.9,0.8,0.7,0.6,0.5,0.4,0.3,0.2,0.1,0.0
0.0,0.1,0.2,0.3,0.4,0.5,0.6,0.7,0.7,0.8,0.9,1.0,1.1,1.2,1.3,1.4,1.4,1.5,1.6,1.7,1.8,1.8,1.9,2.0,2.0,2.1,2.2,2.2,2.3,2.4,2.4,2.5,2.5,2.6,2.6,2.6,2.7,2.7,2.8,2.8,2.8,2.8,2.9,2.9,2.9,2.9,2.9,2.9,2.9,2.9,2.9,2.9,2.9,2.9,2.9,2.9,2.9,2.9,2.8,2.8,2.8,2.8,2.7,2.7,2.6,2.6,2.6,2.5,2.5,2.4,2.4,2.3,2.2,2.2,2.1,2.0,2.0,1.9,1.8,1.8,1.7,1.6,1.5,1.4,1.4,1.3,1.2,1.1,1.0,0.9,0.8,0.7,0.7,0.6,0.5,0.4,0.3,0.2,0.1,0.0
0.0,0.1,0.2,0.3,0.3,0.4,0.5,0.6,0.7,0.7,0.8,0.9,1.0,1.1,1.1,1.2,1.3,1.4,1.4,1.5,1.6,1.6,1.7,1.8,1.8,1.9,1.9,2.0,2.1,2.1,2.2,2.2,2.2,2.3,2.3,2.4,2.4,2.4,2.5,2.5,2.5,2.5,2.6,2.6,2.6,2.6,2.6,2.6,2.6,2.6,2.6,2.6,2.6,2.6,2.6,2.6,2.6,2.6,2.5,2.5,2.5,2.5,2.4,2.4,2.4,2.3,2.3,2.2,2.2,2.2,2.1,2.1,2.0,1.9,1.9,1.8,1.8,1.7,1.6,1.6,1.5,1.4,1.4,1.3,1.2,1.1,1.1,1.0,0.9,0.8,0.7,0.7,0.6,0.5,0.4,0.3,0.3,0.2,0.1,0.0
0.0,0.1,0.1,0.2,0.3,0.4,0.4,0.5,0.6,0.7,0.7,0.8,0.9,0.9,1.0,1.1,1.1,1.2,1.3,1.3,1.4,1.5,1.5,1.6,1.6,1.7,1.7,1.8,1.8,1.9,1.9,1.9,2.0,2.0,2.1,2.1,2.1,2.2,2.2,2.2,2.2,2.3,2.3,2.3,2.3,2.3,2.3,2.3,2.3,2.3,2.3,2.3,2.3,2.3,2.3,2.3,2.3,2.3,2.3,2.2,2.2,2.2,2.2,2.1,2.1,2.1,2.0,2.0,1.9,1.9,1.9,1.8,1.8,1.7,1.7,1.6,1.6,1.5,1.5,1.4,1.3,1.3,1.2,1.1,1.1,1.0,0.9,0.9,0.8,0.7,0.7,0.6,0.5,0.4,0.4,0.3,0.2,0.1,0.1,0.0
0.0,0.1,0.1,0.2,0.3,0.3,0.4,0.5,0.5,0.6,0.6,0.7,0.8,0.8,0.9,0.9,1.0,1.1,1.1,1.2,1.2,1.3,1.3,1.4,1.4,1.5,1.5,1.5,1.6,1.6,1.7,1.7,1.7,1.8,1.8,1.8,1.9,1.9,1.9,1.9,1.9,2.0,2.0,2.0,2.0,2.0,2.0,2.0,2.0,2.0,2.0,2.0,2.0,2.0,2.0,2.0,2.0,2.0,2.0,1.9,1.9,1.9,1.9,1.9,1.8,1.8,1.8,1.7,1.7,1.7,1.6,1.6,1.5,1.5,1.5,1.4,1.4,1.3,1.3,1.2,1.2,1.1,1.1,1.0,0.9,0.9,0.8,0.8,0.7,0.6,0.6,0.5,0.5,0.4,0.3,0.3,0.2,0.1,0.1,0.0
0.0,0.1,0.1,0.2,0.2,0.3,0.3,0.4,0.4,0.5,0.5,0.6,0.7,0.7,0.8,0.8,0.9,0.9,0.9,1.0,1.0,1.1,1.1,1.2,1.2,1.2,1.3,1.3,1.4,1.4,1.4,1.5,1.5,1.5,1.5,1.6,1.6,1.6,1.6,1.6,1.7,1.7,1.7,1.7,1.7,1.7,1.7,1.7,1.7,1.7,1.7,1.7,1.7,1.7,1.7,1.7,1.7,1.7,1.7,1.7,1.6,1.6,1.6,1.6,1.6,1.5,1.5,1.5,1.5,1.4,1.4,1.4,1.3,1.3,1.2,1.2,1.2,1.1,1.1,1.0,1.0,0.9,0.9,0.9,0.8,0.8,0.7,0.7,0.6,0.5,0.5,0.4,0.4,0.3,0.3,0.2,0.2,0.1,0.1,0.0
0.0,0.0,0.1,0.1,0.2,0.2,0.3,0.3,0.4,0.4,0.5,0.5,0.5,0.6,0.6,0.7,0.7,0.7,0.8,0.8,0.9,0.9,0.9,1.0,1.0,1.0,1.1,1.1,1.1,1.2,1.2,1.2,1.2,1.3,1.3,1.3,1.3,1.3,1.4,1.4,1.4,1.4,1.4,1.4,1.4,1.4,1.4,1.4,1.4,1.4,1.4,1.4,1.4,1.4,1.4,1.4,1.4,1.4,1.4,1.4,1.4,1.4,1.3,1.3,1.3,1.3,1.3,1.2,1.2,1.2,1.2,1.1,1.1,1.1,1.0,1.0,1.0,0.9,0.9,0.9,0.8,0.8,0.7,0.7,0.7,0.6,0.6,0.5,0.5,0.5,0.4,0.4,0.3,0.3,0.2,0.2,0.1,0.1,0.0,0.0
0.0,0.0,0.1,0.1,0.1,0.2,0.2,0.3,0.3,0.3,0.4,0.4,0.4,0.5,0.5,0.5,0.6,0.6,0.6,0.7,0.7,0.7,0.7,0.8,0.8,0.8,0.9,0.9,0.9,0.9,0.9,1.0,1.0,1.0,1.0,1.0,1.1,1.1,1.1,1.1,1.1,1.1,1.1,1.1,1.1,1.1,1.1,1.2,1.2,1.2,1.2,1.2,1.2,1.1,1.1,1.1,1.1,1.1,1.1,1.1,1.1,1.1,1.1,1.1,1.0,1.0,1.0,1.0,1.0,0.9,0.9,0.9,0.9,0.9,0.8,0.8,0.8,0.7,0.7,0.7,0.7,0.6,0.6,0.6,0.5,0.5,0.5,0.4,0.4,0.4,0.3,0.3,0.3,0.2,0.2,0.1,0.1,0.1,0.0,0.0
0.0,0.0,0.1,0.1,0.1,0.1,0.2,0.2,0.2,0.2,0.3,0.3,0.3,0.3,0.4,0.4,0.4,0.4,0.5,0.5,0.5,0.5,0.6,0.6,0.6,0.6,0.6,0.7,0.7,0.7,0.7,0.7,0.7,0.8,0.8,0.8,0.8,0.8,0.8,0.8,0.8,0.8,0.8,0.8,0.9,0.9,0.9,0.9,0.9,0.9,0.9,0.9,0.9,0.9,0.9,0.9,0.8,0.8,0.8,0.8,0.8,0.8,0.8,0.8,0.8,0.8,0.8,0.7,0.7,0.7,0.7,0.7,0.7,0.6,0.6,0.6,0.6,0.6,0.5,0.5,0.5,0.5,0.4,0.4,0.4,0.4,0.3,0.3,0.3,0.3,0.2,0.2,0.2,0.2,0.1,0.1,0.1,0.1,0.0,0.0
0.0,0.0,0.0,0.1,0.1,0.1,0.1,0.1,0.1,0.2,0.2,0.2,0.2,0.2,0.2,0.3,0.3,0.3,0.3,0.3,0.3,0.4,0.4,0.4,0.4,0.4,0.4,0.4,0.4,0.5,0.5,0.5,0.5,0.5,0.5,0.5,0.5,0.5,0.5,0.5,0.5,0.6,0.6,0.6,0.6,0.6,0.6,0.6,0.6,0.6,0.6,0.6,0.6,0.6,0.6,0.6,0.6,0.6,0.6,0.5,0.5,0.5,0.5,0.5,0.5,0.5,0.5,0.5,0.5,0.5,0.5,0.4,0.4,0.4,0.4,0.4,0.4,0.4,0.4,0.3,0.3,0.3,0.3,0.3,0.3,0.2,0.2,0.2,0.2,0.2,0.2,0.1,0.1,0.1,0.1,0.1,0.1,0.0,0.0,0.0
0.0,0.0,0.0,0.0,0.0,0.0,0.1,0.1,0.1,0.1,0.1,0.1,0.1,0.1,0.1,0.1,0.1,0.1,0.2,0.2,0.2,0.2,0.2,0.2,0.2,0.2,0.2,0.2,0.2,0.2,0.2,0.2,0.2,0.2,0.3,0.3,0.3,0.3,0.3,0.3,0.3,0.3,0.3,0.3,0.3,0.3,0.3,0.3,0.3,0.3,0.3,0.3,0.3,0.3,0.3,0.3,0.3,0.3,0.3,0.3,0.3,0.3,0.3,0.3,0.3,0.3,0.2,0.2,0.2,0.2,0.2,0.2,0.2,0.2,0.2,0.2,0.2,0.2,0.2,0.2,0.2,0.2,0.1,0.1,0.1,0.1,0.1,0.1,0.1,0.1,0.1,0.1,0.1,0.1,0.0,0.0,0.0,0.0,0.0,0.0
0.0,0.0,0.0,0.0,0.0,0.0,0.0,0.0,0.0,0.0,0.0,0.0,0.0,0.0,0.0,0.0,0.0,0.0,0.0,0.0,0.0,0.0,0.0,0.0,0.0,0.0,0.0,0.0,0.0,0.0,0.0,0.0,0.0,0.0,0.0,0.0,0.0,0.0,0.0,0.0,0.0,0.0,0.0,0.0,0.0,0.0,0.0,0.0,0.0,0.0,0.0,0.0,0.0,0.0,0.0,0.0,0.0,0.0,0.0,0.0,0.0,0.0,0.0,0.0,0.0,0.0,0.0,0.0,0.0,0.0,0.0,0.0,0.0,0.0,0.0,0.0,0.0,0.0,0.0,0.0,0.0,0.0,0.0,0.0,0.0,0.0,0.0,0.0,0.0,0.0,0.0,0.0,0.0,0.0,0.0,0.0,0.0,0.0,0.0,0.0
